"TIME","GEO","UNIT","S_ADJ","INDIC","Value"
"2017M01","Belgium","Percentage of active population","Seasonally adjusted data, not calendar adjusted data","Unemployment according to ILO definition - Total","7.6"
"2017M01","Bulgaria","Percentage of active population","Seasonally adjusted data, not calendar adjusted data","Unemployment according to ILO definition - Total","6.6"
"2017M01","Czech Republic","Percentage of active population","Seasonally adjusted data, not calendar adjusted data","Unemployment according to ILO definition - Total","3.3"
"2017M01","Denmark","Percentage of active population","Seasonally adjusted data, not calendar adjusted data","Unemployment according to ILO definition - Total","6.1"
"2017M01","Germany (until 1990 former territory of the FRG)","Percentage of active population","Seasonally adjusted data, not calendar adjusted data","Unemployment according to ILO definition - Total","3.9"
"2017M01","Estonia","Percentage of active population","Seasonally adjusted data, not calendar adjusted data","Unemployment according to ILO definition - Total","5.9"
"2017M01","Ireland","Percentage of active population","Seasonally adjusted data, not calendar adjusted data","Unemployment according to ILO definition - Total","6.9"
"2017M01","Greece","Percentage of active population","Seasonally adjusted data, not calendar adjusted data","Unemployment according to ILO definition - Total","23.1"
"2017M01","Spain","Percentage of active population","Seasonally adjusted data, not calendar adjusted data","Unemployment according to ILO definition - Total","18.4"
"2017M01","France","Percentage of active population","Seasonally adjusted data, not calendar adjusted data","Unemployment according to ILO definition - Total","9.7"
"2017M01","Croatia","Percentage of active population","Seasonally adjusted data, not calendar adjusted data","Unemployment according to ILO definition - Total","12.1"
"2017M01","Italy","Percentage of active population","Seasonally adjusted data, not calendar adjusted data","Unemployment according to ILO definition - Total","11.8"
"2017M01","Cyprus","Percentage of active population","Seasonally adjusted data, not calendar adjusted data","Unemployment according to ILO definition - Total","12.7"
"2017M01","Latvia","Percentage of active population","Seasonally adjusted data, not calendar adjusted data","Unemployment according to ILO definition - Total","9.4"
"2017M01","Lithuania","Percentage of active population","Seasonally adjusted data, not calendar adjusted data","Unemployment according to ILO definition - Total","7.7"
"2017M01","Luxembourg","Percentage of active population","Seasonally adjusted data, not calendar adjusted data","Unemployment according to ILO definition - Total","6.1"
"2017M01","Hungary","Percentage of active population","Seasonally adjusted data, not calendar adjusted data","Unemployment according to ILO definition - Total","4.3"
"2017M01","Malta","Percentage of active population","Seasonally adjusted data, not calendar adjusted data","Unemployment according to ILO definition - Total","4.4"
"2017M01","Netherlands","Percentage of active population","Seasonally adjusted data, not calendar adjusted data","Unemployment according to ILO definition - Total","5.3"
"2017M01","Austria","Percentage of active population","Seasonally adjusted data, not calendar adjusted data","Unemployment according to ILO definition - Total","5.7"
"2017M01","Poland","Percentage of active population","Seasonally adjusted data, not calendar adjusted data","Unemployment according to ILO definition - Total","5.3"
"2017M01","Portugal","Percentage of active population","Seasonally adjusted data, not calendar adjusted data","Unemployment according to ILO definition - Total","10.1"
"2017M01","Romania","Percentage of active population","Seasonally adjusted data, not calendar adjusted data","Unemployment according to ILO definition - Total","5.3"
"2017M01","Slovenia","Percentage of active population","Seasonally adjusted data, not calendar adjusted data","Unemployment according to ILO definition - Total","7.5"
"2017M01","Slovakia","Percentage of active population","Seasonally adjusted data, not calendar adjusted data","Unemployment according to ILO definition - Total","8.7"
"2017M01","Finland","Percentage of active population","Seasonally adjusted data, not calendar adjusted data","Unemployment according to ILO definition - Total","8.8"
"2017M01","Sweden","Percentage of active population","Seasonally adjusted data, not calendar adjusted data","Unemployment according to ILO definition - Total","6.8"
"2017M01","United Kingdom","Percentage of active population","Seasonally adjusted data, not calendar adjusted data","Unemployment according to ILO definition - Total","4.6"
"2017M01","Iceland","Percentage of active population","Seasonally adjusted data, not calendar adjusted data","Unemployment according to ILO definition - Total","2.9"
"2017M01","Norway","Percentage of active population","Seasonally adjusted data, not calendar adjusted data","Unemployment according to ILO definition - Total","4.2"
"2017M01","Turkey","Percentage of active population","Seasonally adjusted data, not calendar adjusted data","Unemployment according to ILO definition - Total","11.6"
"2017M02","Belgium","Percentage of active population","Seasonally adjusted data, not calendar adjusted data","Unemployment according to ILO definition - Total","7.7"
"2017M02","Bulgaria","Percentage of active population","Seasonally adjusted data, not calendar adjusted data","Unemployment according to ILO definition - Total","6.6"
"2017M02","Czech Republic","Percentage of active population","Seasonally adjusted data, not calendar adjusted data","Unemployment according to ILO definition - Total","3.3"
"2017M02","Denmark","Percentage of active population","Seasonally adjusted data, not calendar adjusted data","Unemployment according to ILO definition - Total","6.1"
"2017M02","Germany (until 1990 former territory of the FRG)","Percentage of active population","Seasonally adjusted data, not calendar adjusted data","Unemployment according to ILO definition - Total","3.9"
"2017M02","Estonia","Percentage of active population","Seasonally adjusted data, not calendar adjusted data","Unemployment according to ILO definition - Total","5.6"
"2017M02","Ireland","Percentage of active population","Seasonally adjusted data, not calendar adjusted data","Unemployment according to ILO definition - Total","6.8"
"2017M02","Greece","Percentage of active population","Seasonally adjusted data, not calendar adjusted data","Unemployment according to ILO definition - Total","22.6"
"2017M02","Spain","Percentage of active population","Seasonally adjusted data, not calendar adjusted data","Unemployment according to ILO definition - Total","18.2"
"2017M02","France","Percentage of active population","Seasonally adjusted data, not calendar adjusted data","Unemployment according to ILO definition - Total","9.6"
"2017M02","Croatia","Percentage of active population","Seasonally adjusted data, not calendar adjusted data","Unemployment according to ILO definition - Total","11.8"
"2017M02","Italy","Percentage of active population","Seasonally adjusted data, not calendar adjusted data","Unemployment according to ILO definition - Total","11.5"
"2017M02","Cyprus","Percentage of active population","Seasonally adjusted data, not calendar adjusted data","Unemployment according to ILO definition - Total","12.5"
"2017M02","Latvia","Percentage of active population","Seasonally adjusted data, not calendar adjusted data","Unemployment according to ILO definition - Total","9.0"
"2017M02","Lithuania","Percentage of active population","Seasonally adjusted data, not calendar adjusted data","Unemployment according to ILO definition - Total","7.9"
"2017M02","Luxembourg","Percentage of active population","Seasonally adjusted data, not calendar adjusted data","Unemployment according to ILO definition - Total","6.1"
"2017M02","Hungary","Percentage of active population","Seasonally adjusted data, not calendar adjusted data","Unemployment according to ILO definition - Total","4.3"
"2017M02","Malta","Percentage of active population","Seasonally adjusted data, not calendar adjusted data","Unemployment according to ILO definition - Total","4.3"
"2017M02","Netherlands","Percentage of active population","Seasonally adjusted data, not calendar adjusted data","Unemployment according to ILO definition - Total","5.3"
"2017M02","Austria","Percentage of active population","Seasonally adjusted data, not calendar adjusted data","Unemployment according to ILO definition - Total","5.8"
"2017M02","Poland","Percentage of active population","Seasonally adjusted data, not calendar adjusted data","Unemployment according to ILO definition - Total","5.2"
"2017M02","Portugal","Percentage of active population","Seasonally adjusted data, not calendar adjusted data","Unemployment according to ILO definition - Total","9.9"
"2017M02","Romania","Percentage of active population","Seasonally adjusted data, not calendar adjusted data","Unemployment according to ILO definition - Total","5.3"
"2017M02","Slovenia","Percentage of active population","Seasonally adjusted data, not calendar adjusted data","Unemployment according to ILO definition - Total","7.2"
"2017M02","Slovakia","Percentage of active population","Seasonally adjusted data, not calendar adjusted data","Unemployment according to ILO definition - Total","8.6"
"2017M02","Finland","Percentage of active population","Seasonally adjusted data, not calendar adjusted data","Unemployment according to ILO definition - Total","8.8"
"2017M02","Sweden","Percentage of active population","Seasonally adjusted data, not calendar adjusted data","Unemployment according to ILO definition - Total","6.8"
"2017M02","United Kingdom","Percentage of active population","Seasonally adjusted data, not calendar adjusted data","Unemployment according to ILO definition - Total","4.5"
"2017M02","Iceland","Percentage of active population","Seasonally adjusted data, not calendar adjusted data","Unemployment according to ILO definition - Total","2.8"
"2017M02","Norway","Percentage of active population","Seasonally adjusted data, not calendar adjusted data","Unemployment according to ILO definition - Total","4.3"
"2017M02","Turkey","Percentage of active population","Seasonally adjusted data, not calendar adjusted data","Unemployment according to ILO definition - Total","11.6"
"2017M03","Belgium","Percentage of active population","Seasonally adjusted data, not calendar adjusted data","Unemployment according to ILO definition - Total","7.6"
"2017M03","Bulgaria","Percentage of active population","Seasonally adjusted data, not calendar adjusted data","Unemployment according to ILO definition - Total","6.4"
"2017M03","Czech Republic","Percentage of active population","Seasonally adjusted data, not calendar adjusted data","Unemployment according to ILO definition - Total","3.2"
"2017M03","Denmark","Percentage of active population","Seasonally adjusted data, not calendar adjusted data","Unemployment according to ILO definition - Total","5.9"
"2017M03","Germany (until 1990 former territory of the FRG)","Percentage of active population","Seasonally adjusted data, not calendar adjusted data","Unemployment according to ILO definition - Total","3.9"
"2017M03","Estonia","Percentage of active population","Seasonally adjusted data, not calendar adjusted data","Unemployment according to ILO definition - Total","5.6"
"2017M03","Ireland","Percentage of active population","Seasonally adjusted data, not calendar adjusted data","Unemployment according to ILO definition - Total","6.6"
"2017M03","Greece","Percentage of active population","Seasonally adjusted data, not calendar adjusted data","Unemployment according to ILO definition - Total","22.1"
"2017M03","Spain","Percentage of active population","Seasonally adjusted data, not calendar adjusted data","Unemployment according to ILO definition - Total","18.0"
"2017M03","France","Percentage of active population","Seasonally adjusted data, not calendar adjusted data","Unemployment according to ILO definition - Total","9.6"
"2017M03","Croatia","Percentage of active population","Seasonally adjusted data, not calendar adjusted data","Unemployment according to ILO definition - Total","11.6"
"2017M03","Italy","Percentage of active population","Seasonally adjusted data, not calendar adjusted data","Unemployment according to ILO definition - Total","11.5"
"2017M03","Cyprus","Percentage of active population","Seasonally adjusted data, not calendar adjusted data","Unemployment according to ILO definition - Total","12.1"
"2017M03","Latvia","Percentage of active population","Seasonally adjusted data, not calendar adjusted data","Unemployment according to ILO definition - Total","8.7"
"2017M03","Lithuania","Percentage of active population","Seasonally adjusted data, not calendar adjusted data","Unemployment according to ILO definition - Total","8.1"
"2017M03","Luxembourg","Percentage of active population","Seasonally adjusted data, not calendar adjusted data","Unemployment according to ILO definition - Total","6.0"
"2017M03","Hungary","Percentage of active population","Seasonally adjusted data, not calendar adjusted data","Unemployment according to ILO definition - Total","4.4"
"2017M03","Malta","Percentage of active population","Seasonally adjusted data, not calendar adjusted data","Unemployment according to ILO definition - Total","4.2"
"2017M03","Netherlands","Percentage of active population","Seasonally adjusted data, not calendar adjusted data","Unemployment according to ILO definition - Total","5.1"
"2017M03","Austria","Percentage of active population","Seasonally adjusted data, not calendar adjusted data","Unemployment according to ILO definition - Total","5.7"
"2017M03","Poland","Percentage of active population","Seasonally adjusted data, not calendar adjusted data","Unemployment according to ILO definition - Total","5.1"
"2017M03","Portugal","Percentage of active population","Seasonally adjusted data, not calendar adjusted data","Unemployment according to ILO definition - Total","9.7"
"2017M03","Romania","Percentage of active population","Seasonally adjusted data, not calendar adjusted data","Unemployment according to ILO definition - Total","5.3"
"2017M03","Slovenia","Percentage of active population","Seasonally adjusted data, not calendar adjusted data","Unemployment according to ILO definition - Total","6.9"
"2017M03","Slovakia","Percentage of active population","Seasonally adjusted data, not calendar adjusted data","Unemployment according to ILO definition - Total","8.5"
"2017M03","Finland","Percentage of active population","Seasonally adjusted data, not calendar adjusted data","Unemployment according to ILO definition - Total","8.8"
"2017M03","Sweden","Percentage of active population","Seasonally adjusted data, not calendar adjusted data","Unemployment according to ILO definition - Total","6.4"
"2017M03","United Kingdom","Percentage of active population","Seasonally adjusted data, not calendar adjusted data","Unemployment according to ILO definition - Total","4.5"
"2017M03","Iceland","Percentage of active population","Seasonally adjusted data, not calendar adjusted data","Unemployment according to ILO definition - Total","2.8"
"2017M03","Norway","Percentage of active population","Seasonally adjusted data, not calendar adjusted data","Unemployment according to ILO definition - Total","4.5"
"2017M03","Turkey","Percentage of active population","Seasonally adjusted data, not calendar adjusted data","Unemployment according to ILO definition - Total","11.5"
"2017M04","Belgium","Percentage of active population","Seasonally adjusted data, not calendar adjusted data","Unemployment according to ILO definition - Total","7.4"
"2017M04","Bulgaria","Percentage of active population","Seasonally adjusted data, not calendar adjusted data","Unemployment according to ILO definition - Total","6.2"
"2017M04","Czech Republic","Percentage of active population","Seasonally adjusted data, not calendar adjusted data","Unemployment according to ILO definition - Total","3.3"
"2017M04","Denmark","Percentage of active population","Seasonally adjusted data, not calendar adjusted data","Unemployment according to ILO definition - Total","5.7"
"2017M04","Germany (until 1990 former territory of the FRG)","Percentage of active population","Seasonally adjusted data, not calendar adjusted data","Unemployment according to ILO definition - Total","3.8"
"2017M04","Estonia","Percentage of active population","Seasonally adjusted data, not calendar adjusted data","Unemployment according to ILO definition - Total","6.3"
"2017M04","Ireland","Percentage of active population","Seasonally adjusted data, not calendar adjusted data","Unemployment according to ILO definition - Total","6.4"
"2017M04","Greece","Percentage of active population","Seasonally adjusted data, not calendar adjusted data","Unemployment according to ILO definition - Total","21.8"
"2017M04","Spain","Percentage of active population","Seasonally adjusted data, not calendar adjusted data","Unemployment according to ILO definition - Total","17.6"
"2017M04","France","Percentage of active population","Seasonally adjusted data, not calendar adjusted data","Unemployment according to ILO definition - Total","9.5"
"2017M04","Croatia","Percentage of active population","Seasonally adjusted data, not calendar adjusted data","Unemployment according to ILO definition - Total","11.4"
"2017M04","Italy","Percentage of active population","Seasonally adjusted data, not calendar adjusted data","Unemployment according to ILO definition - Total","11.2"
"2017M04","Cyprus","Percentage of active population","Seasonally adjusted data, not calendar adjusted data","Unemployment according to ILO definition - Total","11.6"
"2017M04","Latvia","Percentage of active population","Seasonally adjusted data, not calendar adjusted data","Unemployment according to ILO definition - Total","8.8"
"2017M04","Lithuania","Percentage of active population","Seasonally adjusted data, not calendar adjusted data","Unemployment according to ILO definition - Total","7.4"
"2017M04","Luxembourg","Percentage of active population","Seasonally adjusted data, not calendar adjusted data","Unemployment according to ILO definition - Total","6.0"
"2017M04","Hungary","Percentage of active population","Seasonally adjusted data, not calendar adjusted data","Unemployment according to ILO definition - Total","4.3"
"2017M04","Malta","Percentage of active population","Seasonally adjusted data, not calendar adjusted data","Unemployment according to ILO definition - Total","4.1"
"2017M04","Netherlands","Percentage of active population","Seasonally adjusted data, not calendar adjusted data","Unemployment according to ILO definition - Total","5.1"
"2017M04","Austria","Percentage of active population","Seasonally adjusted data, not calendar adjusted data","Unemployment according to ILO definition - Total","5.6"
"2017M04","Poland","Percentage of active population","Seasonally adjusted data, not calendar adjusted data","Unemployment according to ILO definition - Total","5.1"
"2017M04","Portugal","Percentage of active population","Seasonally adjusted data, not calendar adjusted data","Unemployment according to ILO definition - Total","9.5"
"2017M04","Romania","Percentage of active population","Seasonally adjusted data, not calendar adjusted data","Unemployment according to ILO definition - Total","4.8"
"2017M04","Slovenia","Percentage of active population","Seasonally adjusted data, not calendar adjusted data","Unemployment according to ILO definition - Total","6.8"
"2017M04","Slovakia","Percentage of active population","Seasonally adjusted data, not calendar adjusted data","Unemployment according to ILO definition - Total","8.4"
"2017M04","Finland","Percentage of active population","Seasonally adjusted data, not calendar adjusted data","Unemployment according to ILO definition - Total","8.8"
"2017M04","Sweden","Percentage of active population","Seasonally adjusted data, not calendar adjusted data","Unemployment according to ILO definition - Total","6.7"
"2017M04","United Kingdom","Percentage of active population","Seasonally adjusted data, not calendar adjusted data","Unemployment according to ILO definition - Total","4.4"
"2017M04","Iceland","Percentage of active population","Seasonally adjusted data, not calendar adjusted data","Unemployment according to ILO definition - Total","2.8"
"2017M04","Norway","Percentage of active population","Seasonally adjusted data, not calendar adjusted data","Unemployment according to ILO definition - Total","4.5"
"2017M04","Turkey","Percentage of active population","Seasonally adjusted data, not calendar adjusted data","Unemployment according to ILO definition - Total","11.3"
"2017M05","Belgium","Percentage of active population","Seasonally adjusted data, not calendar adjusted data","Unemployment according to ILO definition - Total","7.3"
"2017M05","Bulgaria","Percentage of active population","Seasonally adjusted data, not calendar adjusted data","Unemployment according to ILO definition - Total","6.1"
"2017M05","Czech Republic","Percentage of active population","Seasonally adjusted data, not calendar adjusted data","Unemployment according to ILO definition - Total","3.0"
"2017M05","Denmark","Percentage of active population","Seasonally adjusted data, not calendar adjusted data","Unemployment according to ILO definition - Total","5.7"
"2017M05","Germany (until 1990 former territory of the FRG)","Percentage of active population","Seasonally adjusted data, not calendar adjusted data","Unemployment according to ILO definition - Total","3.8"
"2017M05","Estonia","Percentage of active population","Seasonally adjusted data, not calendar adjusted data","Unemployment according to ILO definition - Total","6.7"
"2017M05","Ireland","Percentage of active population","Seasonally adjusted data, not calendar adjusted data","Unemployment according to ILO definition - Total","6.2"
"2017M05","Greece","Percentage of active population","Seasonally adjusted data, not calendar adjusted data","Unemployment according to ILO definition - Total","21.6"
"2017M05","Spain","Percentage of active population","Seasonally adjusted data, not calendar adjusted data","Unemployment according to ILO definition - Total","17.3"
"2017M05","France","Percentage of active population","Seasonally adjusted data, not calendar adjusted data","Unemployment according to ILO definition - Total","9.5"
"2017M05","Croatia","Percentage of active population","Seasonally adjusted data, not calendar adjusted data","Unemployment according to ILO definition - Total","11.1"
"2017M05","Italy","Percentage of active population","Seasonally adjusted data, not calendar adjusted data","Unemployment according to ILO definition - Total","11.3"
"2017M05","Cyprus","Percentage of active population","Seasonally adjusted data, not calendar adjusted data","Unemployment according to ILO definition - Total","11.3"
"2017M05","Latvia","Percentage of active population","Seasonally adjusted data, not calendar adjusted data","Unemployment according to ILO definition - Total","8.9"
"2017M05","Lithuania","Percentage of active population","Seasonally adjusted data, not calendar adjusted data","Unemployment according to ILO definition - Total","7.0"
"2017M05","Luxembourg","Percentage of active population","Seasonally adjusted data, not calendar adjusted data","Unemployment according to ILO definition - Total","6.0"
"2017M05","Hungary","Percentage of active population","Seasonally adjusted data, not calendar adjusted data","Unemployment according to ILO definition - Total","4.3"
"2017M05","Malta","Percentage of active population","Seasonally adjusted data, not calendar adjusted data","Unemployment according to ILO definition - Total","4.1"
"2017M05","Netherlands","Percentage of active population","Seasonally adjusted data, not calendar adjusted data","Unemployment according to ILO definition - Total","5.1"
"2017M05","Austria","Percentage of active population","Seasonally adjusted data, not calendar adjusted data","Unemployment according to ILO definition - Total","5.4"
"2017M05","Poland","Percentage of active population","Seasonally adjusted data, not calendar adjusted data","Unemployment according to ILO definition - Total","5.0"
"2017M05","Portugal","Percentage of active population","Seasonally adjusted data, not calendar adjusted data","Unemployment according to ILO definition - Total","9.2"
"2017M05","Romania","Percentage of active population","Seasonally adjusted data, not calendar adjusted data","Unemployment according to ILO definition - Total","5.2"
"2017M05","Slovenia","Percentage of active population","Seasonally adjusted data, not calendar adjusted data","Unemployment according to ILO definition - Total","6.7"
"2017M05","Slovakia","Percentage of active population","Seasonally adjusted data, not calendar adjusted data","Unemployment according to ILO definition - Total","8.3"
"2017M05","Finland","Percentage of active population","Seasonally adjusted data, not calendar adjusted data","Unemployment according to ILO definition - Total","8.8"
"2017M05","Sweden","Percentage of active population","Seasonally adjusted data, not calendar adjusted data","Unemployment according to ILO definition - Total","6.8"
"2017M05","United Kingdom","Percentage of active population","Seasonally adjusted data, not calendar adjusted data","Unemployment according to ILO definition - Total","4.4"
"2017M05","Iceland","Percentage of active population","Seasonally adjusted data, not calendar adjusted data","Unemployment according to ILO definition - Total","2.8"
"2017M05","Norway","Percentage of active population","Seasonally adjusted data, not calendar adjusted data","Unemployment according to ILO definition - Total","4.3"
"2017M05","Turkey","Percentage of active population","Seasonally adjusted data, not calendar adjusted data","Unemployment according to ILO definition - Total","11.3"
"2017M06","Belgium","Percentage of active population","Seasonally adjusted data, not calendar adjusted data","Unemployment according to ILO definition - Total","7.2"
"2017M06","Bulgaria","Percentage of active population","Seasonally adjusted data, not calendar adjusted data","Unemployment according to ILO definition - Total","6.1"
"2017M06","Czech Republic","Percentage of active population","Seasonally adjusted data, not calendar adjusted data","Unemployment according to ILO definition - Total","2.9"
"2017M06","Denmark","Percentage of active population","Seasonally adjusted data, not calendar adjusted data","Unemployment according to ILO definition - Total","5.7"
"2017M06","Germany (until 1990 former territory of the FRG)","Percentage of active population","Seasonally adjusted data, not calendar adjusted data","Unemployment according to ILO definition - Total","3.7"
"2017M06","Estonia","Percentage of active population","Seasonally adjusted data, not calendar adjusted data","Unemployment according to ILO definition - Total","6.4"
"2017M06","Ireland","Percentage of active population","Seasonally adjusted data, not calendar adjusted data","Unemployment according to ILO definition - Total","6.1"
"2017M06","Greece","Percentage of active population","Seasonally adjusted data, not calendar adjusted data","Unemployment according to ILO definition - Total","21.3"
"2017M06","Spain","Percentage of active population","Seasonally adjusted data, not calendar adjusted data","Unemployment according to ILO definition - Total","17.0"
"2017M06","France","Percentage of active population","Seasonally adjusted data, not calendar adjusted data","Unemployment according to ILO definition - Total","9.6"
"2017M06","Croatia","Percentage of active population","Seasonally adjusted data, not calendar adjusted data","Unemployment according to ILO definition - Total","10.9"
"2017M06","Italy","Percentage of active population","Seasonally adjusted data, not calendar adjusted data","Unemployment according to ILO definition - Total","11.1"
"2017M06","Cyprus","Percentage of active population","Seasonally adjusted data, not calendar adjusted data","Unemployment according to ILO definition - Total","10.9"
"2017M06","Latvia","Percentage of active population","Seasonally adjusted data, not calendar adjusted data","Unemployment according to ILO definition - Total","8.8"
"2017M06","Lithuania","Percentage of active population","Seasonally adjusted data, not calendar adjusted data","Unemployment according to ILO definition - Total","7.0"
"2017M06","Luxembourg","Percentage of active population","Seasonally adjusted data, not calendar adjusted data","Unemployment according to ILO definition - Total","6.0"
"2017M06","Hungary","Percentage of active population","Seasonally adjusted data, not calendar adjusted data","Unemployment according to ILO definition - Total","4.3"
"2017M06","Malta","Percentage of active population","Seasonally adjusted data, not calendar adjusted data","Unemployment according to ILO definition - Total","4.0"
"2017M06","Netherlands","Percentage of active population","Seasonally adjusted data, not calendar adjusted data","Unemployment according to ILO definition - Total","4.9"
"2017M06","Austria","Percentage of active population","Seasonally adjusted data, not calendar adjusted data","Unemployment according to ILO definition - Total","5.3"
"2017M06","Poland","Percentage of active population","Seasonally adjusted data, not calendar adjusted data","Unemployment according to ILO definition - Total","5.0"
"2017M06","Portugal","Percentage of active population","Seasonally adjusted data, not calendar adjusted data","Unemployment according to ILO definition - Total","9.1"
"2017M06","Romania","Percentage of active population","Seasonally adjusted data, not calendar adjusted data","Unemployment according to ILO definition - Total","5.0"
"2017M06","Slovenia","Percentage of active population","Seasonally adjusted data, not calendar adjusted data","Unemployment according to ILO definition - Total","6.6"
"2017M06","Slovakia","Percentage of active population","Seasonally adjusted data, not calendar adjusted data","Unemployment according to ILO definition - Total","7.9"
"2017M06","Finland","Percentage of active population","Seasonally adjusted data, not calendar adjusted data","Unemployment according to ILO definition - Total","8.7"
"2017M06","Sweden","Percentage of active population","Seasonally adjusted data, not calendar adjusted data","Unemployment according to ILO definition - Total","6.5"
"2017M06","United Kingdom","Percentage of active population","Seasonally adjusted data, not calendar adjusted data","Unemployment according to ILO definition - Total","4.3"
"2017M06","Iceland","Percentage of active population","Seasonally adjusted data, not calendar adjusted data","Unemployment according to ILO definition - Total","2.8"
"2017M06","Norway","Percentage of active population","Seasonally adjusted data, not calendar adjusted data","Unemployment according to ILO definition - Total","4.3"
"2017M06","Turkey","Percentage of active population","Seasonally adjusted data, not calendar adjusted data","Unemployment according to ILO definition - Total","11.1"
"2017M07","Belgium","Percentage of active population","Seasonally adjusted data, not calendar adjusted data","Unemployment according to ILO definition - Total","7.3"
"2017M07","Bulgaria","Percentage of active population","Seasonally adjusted data, not calendar adjusted data","Unemployment according to ILO definition - Total","6.1"
"2017M07","Czech Republic","Percentage of active population","Seasonally adjusted data, not calendar adjusted data","Unemployment according to ILO definition - Total","2.8"
"2017M07","Denmark","Percentage of active population","Seasonally adjusted data, not calendar adjusted data","Unemployment according to ILO definition - Total","5.8"
"2017M07","Germany (until 1990 former territory of the FRG)","Percentage of active population","Seasonally adjusted data, not calendar adjusted data","Unemployment according to ILO definition - Total","3.7"
"2017M07","Estonia","Percentage of active population","Seasonally adjusted data, not calendar adjusted data","Unemployment according to ILO definition - Total","5.9"
"2017M07","Ireland","Percentage of active population","Seasonally adjusted data, not calendar adjusted data","Unemployment according to ILO definition - Total","6.2"
"2017M07","Greece","Percentage of active population","Seasonally adjusted data, not calendar adjusted data","Unemployment according to ILO definition - Total","21.0"
"2017M07","Spain","Percentage of active population","Seasonally adjusted data, not calendar adjusted data","Unemployment according to ILO definition - Total","16.9"
"2017M07","France","Percentage of active population","Seasonally adjusted data, not calendar adjusted data","Unemployment according to ILO definition - Total","9.7"
"2017M07","Croatia","Percentage of active population","Seasonally adjusted data, not calendar adjusted data","Unemployment according to ILO definition - Total","10.8"
"2017M07","Italy","Percentage of active population","Seasonally adjusted data, not calendar adjusted data","Unemployment according to ILO definition - Total","11.3"
"2017M07","Cyprus","Percentage of active population","Seasonally adjusted data, not calendar adjusted data","Unemployment according to ILO definition - Total","10.7"
"2017M07","Latvia","Percentage of active population","Seasonally adjusted data, not calendar adjusted data","Unemployment according to ILO definition - Total","8.5"
"2017M07","Lithuania","Percentage of active population","Seasonally adjusted data, not calendar adjusted data","Unemployment according to ILO definition - Total","7.6"
"2017M07","Luxembourg","Percentage of active population","Seasonally adjusted data, not calendar adjusted data","Unemployment according to ILO definition - Total","6.1"
"2017M07","Hungary","Percentage of active population","Seasonally adjusted data, not calendar adjusted data","Unemployment according to ILO definition - Total","4.3"
"2017M07","Malta","Percentage of active population","Seasonally adjusted data, not calendar adjusted data","Unemployment according to ILO definition - Total","4.1"
"2017M07","Netherlands","Percentage of active population","Seasonally adjusted data, not calendar adjusted data","Unemployment according to ILO definition - Total","4.8"
"2017M07","Austria","Percentage of active population","Seasonally adjusted data, not calendar adjusted data","Unemployment according to ILO definition - Total","5.4"
"2017M07","Poland","Percentage of active population","Seasonally adjusted data, not calendar adjusted data","Unemployment according to ILO definition - Total","4.8"
"2017M07","Portugal","Percentage of active population","Seasonally adjusted data, not calendar adjusted data","Unemployment according to ILO definition - Total","8.9"
"2017M07","Romania","Percentage of active population","Seasonally adjusted data, not calendar adjusted data","Unemployment according to ILO definition - Total","5.2"
"2017M07","Slovenia","Percentage of active population","Seasonally adjusted data, not calendar adjusted data","Unemployment according to ILO definition - Total","6.5"
"2017M07","Slovakia","Percentage of active population","Seasonally adjusted data, not calendar adjusted data","Unemployment according to ILO definition - Total","7.7"
"2017M07","Finland","Percentage of active population","Seasonally adjusted data, not calendar adjusted data","Unemployment according to ILO definition - Total","8.7"
"2017M07","Sweden","Percentage of active population","Seasonally adjusted data, not calendar adjusted data","Unemployment according to ILO definition - Total","7.1"
"2017M07","United Kingdom","Percentage of active population","Seasonally adjusted data, not calendar adjusted data","Unemployment according to ILO definition - Total","4.2"
"2017M07","Iceland","Percentage of active population","Seasonally adjusted data, not calendar adjusted data","Unemployment according to ILO definition - Total","2.9"
"2017M07","Norway","Percentage of active population","Seasonally adjusted data, not calendar adjusted data","Unemployment according to ILO definition - Total","4.2"
"2017M07","Turkey","Percentage of active population","Seasonally adjusted data, not calendar adjusted data","Unemployment according to ILO definition - Total","11.3"
"2017M08","Belgium","Percentage of active population","Seasonally adjusted data, not calendar adjusted data","Unemployment according to ILO definition - Total","7.3"
"2017M08","Bulgaria","Percentage of active population","Seasonally adjusted data, not calendar adjusted data","Unemployment according to ILO definition - Total","6.2"
"2017M08","Czech Republic","Percentage of active population","Seasonally adjusted data, not calendar adjusted data","Unemployment according to ILO definition - Total","2.8"
"2017M08","Denmark","Percentage of active population","Seasonally adjusted data, not calendar adjusted data","Unemployment according to ILO definition - Total","5.7"
"2017M08","Germany (until 1990 former territory of the FRG)","Percentage of active population","Seasonally adjusted data, not calendar adjusted data","Unemployment according to ILO definition - Total","3.6"
"2017M08","Estonia","Percentage of active population","Seasonally adjusted data, not calendar adjusted data","Unemployment according to ILO definition - Total","5.4"
"2017M08","Ireland","Percentage of active population","Seasonally adjusted data, not calendar adjusted data","Unemployment according to ILO definition - Total","6.1"
"2017M08","Greece","Percentage of active population","Seasonally adjusted data, not calendar adjusted data","Unemployment according to ILO definition - Total",":"
"2017M08","Spain","Percentage of active population","Seasonally adjusted data, not calendar adjusted data","Unemployment according to ILO definition - Total","16.8"
"2017M08","France","Percentage of active population","Seasonally adjusted data, not calendar adjusted data","Unemployment according to ILO definition - Total","9.7"
"2017M08","Croatia","Percentage of active population","Seasonally adjusted data, not calendar adjusted data","Unemployment according to ILO definition - Total","10.7"
"2017M08","Italy","Percentage of active population","Seasonally adjusted data, not calendar adjusted data","Unemployment according to ILO definition - Total","11.1"
"2017M08","Cyprus","Percentage of active population","Seasonally adjusted data, not calendar adjusted data","Unemployment according to ILO definition - Total","10.6"
"2017M08","Latvia","Percentage of active population","Seasonally adjusted data, not calendar adjusted data","Unemployment according to ILO definition - Total","8.2"
"2017M08","Lithuania","Percentage of active population","Seasonally adjusted data, not calendar adjusted data","Unemployment according to ILO definition - Total","7.5"
"2017M08","Luxembourg","Percentage of active population","Seasonally adjusted data, not calendar adjusted data","Unemployment according to ILO definition - Total","6.0"
"2017M08","Hungary","Percentage of active population","Seasonally adjusted data, not calendar adjusted data","Unemployment according to ILO definition - Total","4.2"
"2017M08","Malta","Percentage of active population","Seasonally adjusted data, not calendar adjusted data","Unemployment according to ILO definition - Total","4.1"
"2017M08","Netherlands","Percentage of active population","Seasonally adjusted data, not calendar adjusted data","Unemployment according to ILO definition - Total","4.7"
"2017M08","Austria","Percentage of active population","Seasonally adjusted data, not calendar adjusted data","Unemployment according to ILO definition - Total","5.5"
"2017M08","Poland","Percentage of active population","Seasonally adjusted data, not calendar adjusted data","Unemployment according to ILO definition - Total","4.7"
"2017M08","Portugal","Percentage of active population","Seasonally adjusted data, not calendar adjusted data","Unemployment according to ILO definition - Total","8.8"
"2017M08","Romania","Percentage of active population","Seasonally adjusted data, not calendar adjusted data","Unemployment according to ILO definition - Total","5.1"
"2017M08","Slovenia","Percentage of active population","Seasonally adjusted data, not calendar adjusted data","Unemployment according to ILO definition - Total","6.5"
"2017M08","Slovakia","Percentage of active population","Seasonally adjusted data, not calendar adjusted data","Unemployment according to ILO definition - Total","7.4"
"2017M08","Finland","Percentage of active population","Seasonally adjusted data, not calendar adjusted data","Unemployment according to ILO definition - Total","8.7"
"2017M08","Sweden","Percentage of active population","Seasonally adjusted data, not calendar adjusted data","Unemployment according to ILO definition - Total","6.6"
"2017M08","United Kingdom","Percentage of active population","Seasonally adjusted data, not calendar adjusted data","Unemployment according to ILO definition - Total",":"
"2017M08","Iceland","Percentage of active population","Seasonally adjusted data, not calendar adjusted data","Unemployment according to ILO definition - Total","2.9"
"2017M08","Norway","Percentage of active population","Seasonally adjusted data, not calendar adjusted data","Unemployment according to ILO definition - Total","4.1"
"2017M08","Turkey","Percentage of active population","Seasonally adjusted data, not calendar adjusted data","Unemployment according to ILO definition - Total",":"
"2017M09","Belgium","Percentage of active population","Seasonally adjusted data, not calendar adjusted data","Unemployment according to ILO definition - Total","7.1"
"2017M09","Bulgaria","Percentage of active population","Seasonally adjusted data, not calendar adjusted data","Unemployment according to ILO definition - Total","6.1"
"2017M09","Czech Republic","Percentage of active population","Seasonally adjusted data, not calendar adjusted data","Unemployment according to ILO definition - Total","2.7"
"2017M09","Denmark","Percentage of active population","Seasonally adjusted data, not calendar adjusted data","Unemployment according to ILO definition - Total","5.7"
"2017M09","Germany (until 1990 former territory of the FRG)","Percentage of active population","Seasonally adjusted data, not calendar adjusted data","Unemployment according to ILO definition - Total","3.6"
"2017M09","Estonia","Percentage of active population","Seasonally adjusted data, not calendar adjusted data","Unemployment according to ILO definition - Total",":"
"2017M09","Ireland","Percentage of active population","Seasonally adjusted data, not calendar adjusted data","Unemployment according to ILO definition - Total","6.1"
"2017M09","Greece","Percentage of active population","Seasonally adjusted data, not calendar adjusted data","Unemployment according to ILO definition - Total",":"
"2017M09","Spain","Percentage of active population","Seasonally adjusted data, not calendar adjusted data","Unemployment according to ILO definition - Total","16.7"
"2017M09","France","Percentage of active population","Seasonally adjusted data, not calendar adjusted data","Unemployment according to ILO definition - Total","9.7"
"2017M09","Croatia","Percentage of active population","Seasonally adjusted data, not calendar adjusted data","Unemployment according to ILO definition - Total","10.5"
"2017M09","Italy","Percentage of active population","Seasonally adjusted data, not calendar adjusted data","Unemployment according to ILO definition - Total","11.1"
"2017M09","Cyprus","Percentage of active population","Seasonally adjusted data, not calendar adjusted data","Unemployment according to ILO definition - Total","10.3"
"2017M09","Latvia","Percentage of active population","Seasonally adjusted data, not calendar adjusted data","Unemployment according to ILO definition - Total","7.9"
"2017M09","Lithuania","Percentage of active population","Seasonally adjusted data, not calendar adjusted data","Unemployment according to ILO definition - Total","7.7"
"2017M09","Luxembourg","Percentage of active population","Seasonally adjusted data, not calendar adjusted data","Unemployment according to ILO definition - Total","6.0"
"2017M09","Hungary","Percentage of active population","Seasonally adjusted data, not calendar adjusted data","Unemployment according to ILO definition - Total",":"
"2017M09","Malta","Percentage of active population","Seasonally adjusted data, not calendar adjusted data","Unemployment according to ILO definition - Total","4.1"
"2017M09","Netherlands","Percentage of active population","Seasonally adjusted data, not calendar adjusted data","Unemployment according to ILO definition - Total","4.7"
"2017M09","Austria","Percentage of active population","Seasonally adjusted data, not calendar adjusted data","Unemployment according to ILO definition - Total","5.6"
"2017M09","Poland","Percentage of active population","Seasonally adjusted data, not calendar adjusted data","Unemployment according to ILO definition - Total","4.6"
"2017M09","Portugal","Percentage of active population","Seasonally adjusted data, not calendar adjusted data","Unemployment according to ILO definition - Total","8.6"
"2017M09","Romania","Percentage of active population","Seasonally adjusted data, not calendar adjusted data","Unemployment according to ILO definition - Total","5.0"
"2017M09","Slovenia","Percentage of active population","Seasonally adjusted data, not calendar adjusted data","Unemployment according to ILO definition - Total","6.4"
"2017M09","Slovakia","Percentage of active population","Seasonally adjusted data, not calendar adjusted data","Unemployment according to ILO definition - Total","7.2"
"2017M09","Finland","Percentage of active population","Seasonally adjusted data, not calendar adjusted data","Unemployment according to ILO definition - Total","8.7"
"2017M09","Sweden","Percentage of active population","Seasonally adjusted data, not calendar adjusted data","Unemployment according to ILO definition - Total","6.8"
"2017M09","United Kingdom","Percentage of active population","Seasonally adjusted data, not calendar adjusted data","Unemployment according to ILO definition - Total",":"
"2017M09","Iceland","Percentage of active population","Seasonally adjusted data, not calendar adjusted data","Unemployment according to ILO definition - Total","2.9"
"2017M09","Norway","Percentage of active population","Seasonally adjusted data, not calendar adjusted data","Unemployment according to ILO definition - Total",":"
"2017M09","Turkey","Percentage of active population","Seasonally adjusted data, not calendar adjusted data","Unemployment according to ILO definition - Total",":"
